Dataset,MSE,MAE,RMSE,R2
Training,0.00035910952106131923,0.01565215040479913,0.018950185251372063,0.9586210025043678
Testing,0.0043631511567703805,0.05950879124624396,0.0660541532136351,0.7577141581819893
